{
    "loss": 12.790170669555664,
    "accuracy": 0.5686274766921997
}