{
    "loss": 29.67439079284668,
    "accuracy": 0.4313725531101227
}